Title,Description,Link To Article,Publication Date,Category,Image URL
Protect coastal areas in Alappuzha from swell waves: DDC meeting,,https://www.thehindu.com/news/national/kerala/protect-coastal-areas-in-alappuzha-from-swell-waves-ddc-meeting/article68825283.ece,"Sun, 03 Nov 2024 18:48:44 +0530",Kerala,
Farm sector set for Punja crop cultivation in Kottayam,,https://www.thehindu.com/news/national/kerala/farm-sector-set-for-punja-crop-cultivation-in-kottayam/article68825492.ece,"Sun, 03 Nov 2024 18:48:30 +0530",Kerala,
Modi aims to hold on to power at any cost: Priyanka,She also flays the Kerala government for its alleged negligence in providing modern medical facilities in Wayanad,https://www.thehindu.com/news/national/kerala/modi-aims-to-hold-on-to-power-at-any-cost-priyanka/article68825534.ece,"Sun, 03 Nov 2024 18:41:40 +0530",Kerala,
Elaborate arrangements for Ashtami festival at Vaikom,,https://www.thehindu.com/news/national/kerala/elaborate-arrangements-for-ashtami-festival-at-vaikom/article68825542.ece,"Sun, 03 Nov 2024 18:41:33 +0530",Kerala,
Plea for MMTS stations at Moula Ali and Loyola College,,https://www.thehindu.com/news/national/telangana/plea-for-mmts-stations-at-moula-ali-and-loyola-college/article68825268.ece,"Sun, 03 Nov 2024 18:40:16 +0530",Telangana,
Women make waves on the Dal Lake,"In a landmark race on Srinagar’s iconic water body, 150 women in shikaras — undeterred by mist, tradition, and the lack of gear — gathered to test their strength and endurance. Led by Kashmir’s “Aqua Queen” they have broken through social segregation, reports Peerzada Ashiq",https://www.thehindu.com/news/national/jammu-and-kashmir/women-make-waves-on-the-dal-lake/article68819957.ece,"Sun, 03 Nov 2024 18:38:28 +0530",Jammu and Kashmir,https://th-i.thgim.com/public/incoming/y5cj0i/article68819974.ece/alternates/LANDSCAPE_1200/12205_27_10_2024_13_11_51_3_07_BOAT_RACE_SGR_27_10_2024.JPG
Sri Lankan Airlines adds one more flight on Tiruchi-Colombo route,,https://www.thehindu.com/news/cities/Tiruchirapalli/sri-lankan-airlines-adds-one-more-flight-on-tiruchi-colombo-route/article68825623.ece,"Sun, 03 Nov 2024 18:37:09 +0530",Tiruchirapalli,
Minister expresses shock at boy’s death in BC welfare hostel at Vizianagaram,,https://www.thehindu.com/news/national/andhra-pradesh/minister-expresses-shock-at-boys-death-in-bc-welfare-hostel-at-vizianagaram/article68825573.ece,"Sun, 03 Nov 2024 18:35:51 +0530",Andhra Pradesh,
"India and China made ‘some progress’ in disengagement, says External Affairs Minister Jaishankar",His comment comes days after Indian and Chinese troops completed disengagement at two friction points at Demchok and Depsang Plains in eastern Ladakh,https://www.thehindu.com/news/national/india-and-china-made-some-progress-in-disengagement-says-eam-s-jaishankar/article68825613.ece,"Sun, 03 Nov 2024 18:35:10 +0530",India,https://th-i.thgim.com/public/news/national/1p6k38/article68825771.ece/alternates/LANDSCAPE_1200/PTI11_03_2024_000248B.jpg
Liver transplants at medical college hospitals on the rise,"Liver transplant surgeries now available in government medical colleges in Kerala, offering affordable options for patients in need.",https://www.thehindu.com/news/national/kerala/liver-transplants-at-medical-college-hospitals-on-the-rise/article68825567.ece,"Sun, 03 Nov 2024 18:33:40 +0530",Kerala,
Cardiological society conference concludes,,https://www.thehindu.com/news/national/kerala/cardiological-society-conference-concludes/article68825578.ece,"Sun, 03 Nov 2024 18:31:32 +0530",Kerala,
Stray cattle give nightmare to drivers on national highways in Tiruchi,The owners leave their cattle to graze on the plants grown on the medians and these animals wander on the road hindering the free flow of vehicular traffic; some activists have suggested a reflective collar should be tied to the cattle to enable drivers spot them from a distance at night,https://www.thehindu.com/news/cities/Tiruchirapalli/stray-cattle-give-nightmare-to-drivers-on-national-highways-in-tiruchi/article68825541.ece,"Sun, 03 Nov 2024 18:31:28 +0530",Tiruchirapalli,https://th-i.thgim.com/public/news/cities/Tiruchirapalli/3l3b9w/article68825495.ece/alternates/LANDSCAPE_1200/1730634061755.jpg
A 10-step guide to navigate the MBA journey,"As students embark on a journey towards an MBA degree, here are some tips to help them onwards",https://www.thehindu.com/education/a-10-step-guide-to-navigate-the-mba-journey/article68811504.ece,"Sun, 03 Nov 2024 18:30:00 +0530",Education,https://th-i.thgim.com/public/incoming/exbfjw/article68814106.ece/alternates/LANDSCAPE_1200/MBA.jpg
513 caught driving drunk in Cyberabad,,https://www.thehindu.com/news/national/telangana/513-caught-driving-drunk-in-cyberabad/article68825348.ece,"Sun, 03 Nov 2024 18:28:36 +0530",Telangana,
Sambranikodi comes alive after a break,,https://www.thehindu.com/news/national/kerala/sambranikodi-comes-alive-after-a-break/article68825581.ece,"Sun, 03 Nov 2024 18:28:16 +0530",Kerala,
"BCCI to discuss New Zealand whitewash, some senior players could be phased out post-Australia series","There is a high possibility that the five-match Test series against Australia could be the final one for at least two of the four seniors among Rohit Sharma, Virat Kohli, Ravindra Jadeja and Ravichandran Ashwin.",https://www.thehindu.com/sport/cricket/bcci-to-discuss-new-zealand-whitewash-some-senior-players-could-be-phased-out-post-australia-series/article68825669.ece,"Sun, 03 Nov 2024 18:27:36 +0530",Cricket,https://th-i.thgim.com/public/sport/cricket/l30pna/article68825682.ece/alternates/LANDSCAPE_1200/20241103052L.jpg
"Protecting Constitution is India’s primary battle, says Rahul Gandhi","Campaigning for his sister, the UDF candidate in Wayanad LS bypoll, the Congress leader says India needs politics rooted in love and compassion, not in animosity",https://www.thehindu.com/news/national/kerala/protecting-constitution-is-indias-primary-battle-says-rahul-gandhi/article68825614.ece,"Sun, 03 Nov 2024 18:23:43 +0530",Kerala,
Watch: Yogi Adityanath’s slogan ‘Batenge to katenge’ | What does it imply?,"In this episode of Talking Politics, we will discuss what ‘Batenge to katenge’ means and how it will impact the Jharkhand and Maharashtra assembly polls",https://www.thehindu.com/news/national/watch-yogi-adityanaths-slogan-batenge-to-katenge-what-does-it-imply/article68825689.ece,"Sun, 03 Nov 2024 18:21:46 +0530",India,https://th-i.thgim.com/public/incoming/x2p41j/article68825659.ece/alternates/LANDSCAPE_1200/Nistula%20Thumb%204.png
Ghaziabad courtroom clash: Delhi lawyers to strike on November 4,Lawyers and baton-wielding police personnel clashed in a courtroom in Ghaziabad on October 29 after the judge called in the force to remove a group of protesting advocates raising slogans against him,https://www.thehindu.com/news/cities/Delhi/ghaziabad-courtroom-clash-delhi-lawyers-to-strike-on-november-4/article68825629.ece,"Sun, 03 Nov 2024 18:17:27 +0530",Delhi,https://th-i.thgim.com/public/incoming/5kc99k/article68825642.ece/alternates/LANDSCAPE_1200/PTI10_29_2024_000174A.jpg
"New traffic islands on Trichy Road in Coimbatore could be risky, warn motorists",,https://www.thehindu.com/news/cities/Coimbatore/new-traffic-islands-on-trichy-road-in-coimbatore-could-be-risky-warn-motorists/article68825533.ece,"Sun, 03 Nov 2024 18:12:50 +0530",Coimbatore,https://th-i.thgim.com/public/incoming/njh214/article68825647.ece/alternates/LANDSCAPE_1200/Trichy%20Road%203.jpg
"Reopen road on the south of Rushikonda Hill to  reduce traffic congestion and protect the beach, association urges Chief Minister",,https://www.thehindu.com/news/cities/Visakhapatnam/reopen-road-on-the-south-of-rushikonda-hill-to-reduce-traffic-congestion-and-protect-the-beach-association-urges-chief-minister/article68823170.ece,"Sun, 03 Nov 2024 18:02:51 +0530",Visakhapatnam,https://th-i.thgim.com/public/incoming/fh5rbx/article68825603.ece/alternates/LANDSCAPE_1200/20241102264L.jpg
"Maharashtra assembly elections 2024: You made 'saheb' happy in LS polls, make me happy this time also, Deputy CM Ajit Pawar tells voters",The NCP leader also claimed he had gone out of the way to ensure water supply to the people of Baramati,https://www.thehindu.com/news/national/maharashtra/maharashtra-assembly-elections-2024-you-made-saheb-happy-in-ls-polls-make-me-happy-this-time-also-deputy-cm-ajit-pawar-tells-voters/article68825510.ece,"Sun, 03 Nov 2024 18:00:38 +0530",Maharashtra,https://th-i.thgim.com/public/incoming/1ilevr/article68825606.ece/alternates/LANDSCAPE_1200/IMG_Ajit_Pawar_flags_off_2_1_PKDH6R5N.jpg
Panchagramala JAC submits petition to Gajuwaka MLA,Palla Srinivasa Rao assures the JAC that he had already apprised the Chief Minister of the long-pending land issue and would remind him of it again,https://www.thehindu.com/news/cities/Visakhapatnam/panchagramala-jac-submits-petition-to-gajuwaka-mla/article68825503.ece,"Sun, 03 Nov 2024 17:58:18 +0530",Visakhapatnam,
Emirati night with the emperor of music,A.R. Rahman’s concert in Abu Dhabi with Firdous and talented singers was a celebration of peace and nostalgia,https://www.thehindu.com/news/national/emirati-night-with-the-emperor-of-music/article68825489.ece,"Sun, 03 Nov 2024 17:55:10 +0530",India,https://th-i.thgim.com/public/incoming/589bxt/article68825496.ece/alternates/LANDSCAPE_1200/1000458465.jpg
Iran arrests female student who stripped to protest harassment: reports,She had been harassed inside Tehran's prestigious Islamic Azad University by members of the Basij paramilitary force who ripped her headscarf and clothes,https://www.thehindu.com/news/international/iran-arrests-female-student-who-stripped-to-protest-harassment-reports/article68823854.ece,"Sun, 03 Nov 2024 17:53:30 +0530",World,https://th-i.thgim.com/public/incoming/cjxgtm/article68825569.ece/alternates/LANDSCAPE_1200/IMG_IRAN-DEMO-WOMEN-POLI_2_1_L1AV4F7M.jpg
"130 litres of ID liquor, 39 motorcylces and 30 kg ‘adulterated’ ghee seized in cordon and search operations in Nandyal district",,https://www.thehindu.com/news/national/andhra-pradesh/130-litres-of-id-liquor-39-motorcylces-and-30-kg-adulterated-ghee-seized-in-cordon-and-search-operations-in-nandyal-district/article68825535.ece,"Sun, 03 Nov 2024 17:50:45 +0530",Andhra Pradesh,
India wants to grow with world: External Affairs Minister Jaishankar,Mr. Jaishankar arrived earlier in the day on the first leg of his two-nation tour which will also take him to Singapore,https://www.thehindu.com/news/national/india-wants-to-grow-with-world-external-affairs-minister-jaishankar/article68825509.ece,"Sun, 03 Nov 2024 17:47:13 +0530",India,https://th-i.thgim.com/public/incoming/j707qz/article68825563.ece/alternates/LANDSCAPE_1200/PTI11_03_2024_000248B.jpg
Registration and Stamps dept receives higher applications despite demolition drive,"Talk of impending revision of land values driving buyers to complete deals, say officials",https://www.thehindu.com/news/national/telangana/registration-and-stamps-dept-receives-higher-applications-despite-demolition-drive/article68825396.ece,"Sun, 03 Nov 2024 17:40:07 +0530",Telangana,https://th-i.thgim.com/public/incoming/ecn5li/article68825527.ece/alternates/LANDSCAPE_1200/MEMAU_2_8_2024_19_16_47_1_1008.JPG
Zacharias and Surrealist please,,https://www.thehindu.com/sport/races/zacharias-and-surrealist-please/article68825528.ece,"Sun, 03 Nov 2024 17:27:01 +0530",Races,
"World Test Championship standing: India loses top spot to Australia, slips to second","India lost to New Zealand by 25 runs in the third and final Test in Mumbai resutling in a 0-3 whitewash, their first in a home Test series since South Africa's 2-0 win in 1999-2000",https://www.thehindu.com/sport/cricket/world-test-championship-standing-india-loses-top-spot-to-australia-slips-to-second/article68825502.ece,"Sun, 03 Nov 2024 17:24:51 +0530",Cricket,https://th-i.thgim.com/public/sport/cricket/q3yrwh/article68825511.ece/alternates/LANDSCAPE_1200/PTI11_03_2024_000154B.jpg
PM Modi congratulates Duma Boko on being elected Botswana president,PM Modi looks forward to strengthening bilateral ties,https://www.thehindu.com/news/international/pm-modi-congratulates-duma-boko-on-being-elected-botswana-president/article68825427.ece,"Sun, 03 Nov 2024 17:21:57 +0530",World,https://th-i.thgim.com/public/incoming/cwahtg/article68825480.ece/alternates/LANDSCAPE_1200/AFP_36LD2E6.jpg
INDIA bloc demands strict action from ECI against Assam CM for ‘inflammatory and divisive speeches’,"If no action is taken by the Election Commission in the next 24 hours, INDIA bloc will move to appropriate legal forums for legal remedy",https://www.thehindu.com/elections/jharkhand-assembly/india-bloc-demands-strict-action-from-eci-against-assam-cm-for-inflammatory-and-divisive-speeches/article68825408.ece,"Sun, 03 Nov 2024 17:19:56 +0530",Jharkhand Assembly,https://th-i.thgim.com/public/incoming/x6mljo/article68825491.ece/alternates/LANDSCAPE_1200/20241102137L.jpg
"Hit-and-run case: Two Delhi traffic police personnel hit, dragged for 20 metres by a car","The incident occurred on Saturday (October 3, 2024) evening at around 7.45 pm at the Ber Sarai traffic light near Vedant Deshika Marg

New Delhi",https://www.thehindu.com/news/cities/Delhi/hit-and-run-case-two-delhi-traffic-police-personnel-hit-dragged-for-20-metres-by-a-car/article68825490.ece,"Sun, 03 Nov 2024 17:18:59 +0530",Delhi,
100th ‘health walk’ programme held in Theni,,https://www.thehindu.com/news/cities/Madurai/100th-health-walk-programme-held-in-theni/article68825211.ece,"Sun, 03 Nov 2024 17:17:13 +0530",Madurai,https://th-i.thgim.com/public/incoming/jgi85m/article68825671.ece/alternates/LANDSCAPE_1200/ma04Health%20Walk.jpg
Virudhunagar SP warns of stringent action against illegal fireworks manufacturers,Supply of raw materials to unlicensed units would attract penal action,https://www.thehindu.com/news/cities/Madurai/virudhunagar-sp-warns-of-stringent-action-against-illegal-fireworks-manufacturers/article68824973.ece,"Sun, 03 Nov 2024 17:07:08 +0530",Madurai,
SC to hear Delhi govt's plea against vesting LG with power to appoint lawyers on November 4,The Delhi government has challenged a 2017 office memorandum issued by the Union Home Ministry and an order passed by the Delhi lieutenant governor's office on February 16.,https://www.thehindu.com/news/cities/Delhi/sc-to-hear-delhi-govts-plea-against-vesting-lg-with-power-to-appoint-lawyers-on-november-4/article68825419.ece,"Sun, 03 Nov 2024 17:01:50 +0530",Delhi,https://th-i.thgim.com/public/incoming/144g38/article68825450.ece/alternates/LANDSCAPE_1200/PTI10_09_2024_000109A.jpg
Congress' Baghpat district president removed after objectionable video surfaces,"Chaudhary, however, claimed the video was edited and manipulated by his rivals as part of a political conspiracy against him",https://www.thehindu.com/news/national/uttar-pradesh/congress-baghpat-district-president-removed-after-objectionable-video-surfaces/article68825414.ece,"Sun, 03 Nov 2024 16:54:09 +0530",Uttar Pradesh,
"‘Bromance,’ starring Arjun Ashokan, Mathew Thomas and Mahima Nambiar, gets a release date",The film is helmed by Arun D Jose of ‘Jo and Jo’ and ‘Journey of Love 18+’ fame,https://www.thehindu.com/entertainment/movies/bromance-starring-arjun-ashokan-mathew-thomas-and-mahima-nambiar-gets-a-release-date/article68825425.ece,"Sun, 03 Nov 2024 16:51:12 +0530",Movies,https://th-i.thgim.com/public/entertainment/movies/zab0jz/article68825433.ece/alternates/LANDSCAPE_1200/bromance%20release%20date.jpg
Puducherry records ‘very poor’ air quality day after Deepavali,"According to a press release, the ambient air quality monitored by the Puducherry Pollution Control Committee (PPCC) at Reddiyarpalayam, Mudaliarpet, and Anna Nagar in the city found PM (10) and PM (2.5) levels to be on the higher side",https://www.thehindu.com/news/cities/puducherry/puducherry-records-very-poor-air-quality-day-after-deepavali/article68825214.ece,"Sun, 03 Nov 2024 16:33:53 +0530",Puducherry,https://th-i.thgim.com/public/incoming/7d9u9j/article68825413.ece/alternates/LANDSCAPE_1200/IMG_14FEBTH_SMOG-PUDUCHE_2_1_CC89C80R.jpg
"Through collective spirit, we will keep working towards TB-free India: PM Modi","PM Modi remarks came in response to a post by Health Minister J.P. Nadda in which he stated that the World Health Organization (WHO) has recognised India's ""remarkable"" progress, with a 17.7% decline in TB incidence from 2015 to 2023 - a rate more than double the global decline of 8.3%",https://www.thehindu.com/news/national/through-collective-spirit-we-will-keep-working-towards-tb-free-india-pm-modi/article68825390.ece,"Sun, 03 Nov 2024 16:21:01 +0530",India,https://th-i.thgim.com/public/incoming/w75wh3/article68825398.ece/alternates/LANDSCAPE_1200/IMG_PM_Modi_addresses_th_2_1_UTDHFVLC.jpg
Dr Reddy's recalls over 3.3 lakh bottles of generic medication in U.S.: USFDA,"The recall is due to the ""presence of N-nitroso Cinacalcet impurity above FDA recommended interim limit""; the affected lot has been produced in India",https://www.thehindu.com/news/international/dr-reddys-recalls-over-33-lakh-bottles-of-generic-medication-in-us-usfda/article68825384.ece,"Sun, 03 Nov 2024 16:19:21 +0530",World,https://th-i.thgim.com/public/incoming/xxjjbh/article68825400.ece/alternates/LANDSCAPE_1200/IMG_BL0409_Pulse_Lead_2_1_K3BMT1MM.jpg
IISER Tirupati to hold national meet on Biosciences,"“Registrations are open until 11.59 p.m. on November 6,” an IISER release said",https://www.thehindu.com/news/national/andhra-pradesh/iiser-tirupati-to-hold-national-meet-on-biosciences/article68825229.ece,"Sun, 03 Nov 2024 16:10:48 +0530",Andhra Pradesh,https://th-i.thgim.com/public/incoming/btuuhb/article68599894.ece/alternates/LANDSCAPE_1200/02092024iiser1.jpeg
Murder of domestic help in Aminjikarai: Chennai Police arrest six persons,"On investigation, police identified that the girl was from Thanjavur",https://www.thehindu.com/news/cities/chennai/murder-of-domestic-help-in-aminjikarai-chennai-police-arrest-six-persons/article68825280.ece,"Sun, 03 Nov 2024 16:01:55 +0530",Chennai,https://th-i.thgim.com/public/news/national/tamil-nadu/a2olau/article65055411.ece/alternates/LANDSCAPE_1200/vbk-HANDCUFF-arrest.jpg
Hyderabad stand-up comedian Utsav Dixit arrested for Porsche crash at KBR park,,https://www.thehindu.com/news/cities/Hyderabad/hyderabad-stand-up-comedian-utsav-dixit-arrested-for-porsche-crash-at-kbr-park/article68825310.ece,"Sun, 03 Nov 2024 15:39:31 +0530",Hyderabad,https://th-i.thgim.com/public/incoming/y23682/article68825312.ece/alternates/LANDSCAPE_1200/bb9a1ac7-021b-4808-8cb8-a01337b37cf9.jpeg
"U.S. election 2024: Ahead of polling day, millions of Americans seal their choices in early voting","Early voting surges in NYC at 42 Broadway office of Board of Elections, reflecting a shift in American voting behaviour",https://www.thehindu.com/news/international/us-elections/us-election-2024-ahead-of-polling-day-millions-of-americans-seal-their-choices-in-early-voting/article68825314.ece,"Sun, 03 Nov 2024 15:31:56 +0530",U.S. Elections,https://th-i.thgim.com/public/incoming/xumh5v/article68825354.ece/alternates/LANDSCAPE_1200/2024-11-02T202448Z_758676357_RC21XAACDLY0_RTRMADP_3_USA-ELECTION.JPG
Komal Panda on being the national winner of the James Dyson Award 2024,Her Novocarry  is a portable cooling solution designed for medications like insulin that require refrigeration during transport,https://www.thehindu.com/education/komal-panda-on-being-the-national-winner-of-the-james-dyson-award-2024/article68803355.ece,"Sun, 03 Nov 2024 15:30:00 +0530",Education,https://th-i.thgim.com/public/incoming/yx38u2/article68803352.ece/alternates/LANDSCAPE_1200/Young%20achiever.jpg
"Paddy farmers of Kruthivennu, Bantumilli mandals in Krishna district of A.P. stage dharna demanding water for rabi crop","With no water in the irrigation canals salinity was causing problems for the crop in the coastal region, farmers’ body leader said",https://www.thehindu.com/news/national/andhra-pradesh/paddy-farmers-of-kruthivennu-bantumilli-mandals-in-krishna-district-of-ap-stage-dharna-demanding-water-for-rabi-crop/article68825153.ece,"Sun, 03 Nov 2024 15:26:29 +0530",Andhra Pradesh,
"India whitewashed 0-3 at home: Something like this will be a very low point of my career, says Rohit Sharma","Set a target of 147, India were all out for 121. The hosts also suffered embarrassing defeats in the first two Tests of the series",https://www.thehindu.com/sport/cricket/india-whitewashed-0-3-at-home-something-like-this-will-be-a-very-low-point-of-my-career-says-rohit-sharma/article68825336.ece,"Sun, 03 Nov 2024 15:24:00 +0530",Cricket,https://th-i.thgim.com/public/incoming/fv5wdb/article68825344.ece/alternates/LANDSCAPE_1200/PTI11_03_2024_000022B.jpg
Aluva-Shornur corridor: Union Railway Minister Ashwini Vaishnaw begins inspecting rail projects,The inspection aims to review key railway infrastructure developments on the 107-km saturated double-track corridor from Ernakulam to Shornur,https://www.thehindu.com/news/national/kerala/aluva-shornur-corridor-union-railway-minister-ashwini-vaishnaw-begins-inspecting-rail-projects/article68825246.ece,"Sun, 03 Nov 2024 15:21:52 +0530",Kerala,https://th-i.thgim.com/public/todays-paper/tp-national/tp-newdelhi/9hwa2z/article68759181.ece/alternates/LANDSCAPE_1200/TH15-Maitri-RaiGO4DF673C.5.jpg.jpg
Three children of Yanadi tribe missing in Krishna district of A.P.,"Police form 10 teams to trace the children, says Krishna District Superintendent of Police R. Gangadhar Rao",https://www.thehindu.com/news/national/andhra-pradesh/three-children-of-yanadi-tribe-missing-in-krishna-district-of-ap/article68825111.ece,"Sun, 03 Nov 2024 15:19:46 +0530",Andhra Pradesh,
Why can’t light microscopes see inside cells?,,https://www.thehindu.com/sci-tech/science/why-cant-light-microscopes-see-inside-cells/article68825321.ece,"Sun, 03 Nov 2024 15:14:12 +0530",Science,https://th-i.thgim.com/public/sci-tech/science/yjv3xv/article68825318.ece/alternates/LANDSCAPE_1200/indra-projects-FUw4bGuv9X4-unsplash.jpg
RSS gives ‘Chalo Vijayawada’ call to free temples from State’s clutches,"RSS leaders demanded appointment of only people professing Hinduism as employees in Hindu temples, including on contract and outsourcing basis",https://www.thehindu.com/news/national/andhra-pradesh/rss-gives-chalo-vijayawada-call-to-free-temples-from-states-clutches/article68825200.ece,"Sun, 03 Nov 2024 15:13:58 +0530",Andhra Pradesh,https://th-i.thgim.com/public/incoming/s5yudj/article68825317.ece/alternates/LANDSCAPE_1200/10745_3_11_2024_13_34_28_1_IMG_20241103_WA0032.JPG
Waqf issue: Is the JD(S) ambivalence guided by electoral compulsions of Channapatna?,"With its support base of the JD (S) among the Muslims in the State gravitating towards the Congress after the party aligned with the BJP, Kumaraswamy is keen to retain the backing of the community, which appears crucial in the ‘prestige battle’ that the bypolls to Channapatna assembly constituency",https://www.thehindu.com/news/national/karnataka/waqf-issue-is-the-jds-ambivalence-guided-by-electoral-compulsions-of-channapatna/article68825099.ece,"Sun, 03 Nov 2024 15:11:32 +0530",Karnataka,https://th-i.thgim.com/public/incoming/ksukpr/article68825309.ece/alternates/LANDSCAPE_1200/Nikhil_Kumaraswamy_01.jpg
Grenade attack in Jammu and Kashmir’s Srinagar injures 10,Jammu and Kashmir Chief Minister Omar Abdullah termed the latest attack as “deeply disturbing”,https://www.thehindu.com/news/national/jammu-and-kashmir/grenade-attack-in-jammu-and-kashmirs-srinagar-injures-several/article68825291.ece,"Sun, 03 Nov 2024 15:09:21 +0530",Jammu and Kashmir,https://th-i.thgim.com/public/incoming/yxeed8/article68825307.ece/alternates/LANDSCAPE_1200/12205_2_11_2024_16_13_46_3_23_ENCOUNTER_SGR_02_11_2024.JPG
Mumbai-Ahmedabad bullet train corridor: Construction of 12 river bridges completed in Gujarat,"“The 120-metre-long bridge on the Kharera river in Navsari district is the 12th such structure to be recently completed in Gujarat,” the National High Speed Rail Corporation Limited said",https://www.thehindu.com/news/national/gujarat/mumbai-ahmedabad-bullet-train-corridor-construction-of-12-river-bridges-completed-in-gujarat/article68825262.ece,"Sun, 03 Nov 2024 14:54:07 +0530",Gujarat,https://th-i.thgim.com/public/incoming/bcylg3/article68825270.ece/alternates/LANDSCAPE_1200/20240515088L.jpg
Tamil Nadu Speaker Appavu writes to CM Stalin again to rescue 28 fishermen from Bahrain prisons,"Appavu, in his letter to T.N. CM Stalin, said that 28 fishermen from Idinthakarai in Radhapuram Taluk had been to fishing to Iran sometime in the first week of September",https://www.thehindu.com/news/national/tamil-nadu/tamil-nadu-speaker-appavu-writes-to-cm-stalin-again-to-rescue-28-fishermen-from-bahrain-prisons/article68825168.ece,"Sun, 03 Nov 2024 14:37:53 +0530",Tamil Nadu,https://th-i.thgim.com/public/incoming/gc52lc/article68825245.ece/alternates/LANDSCAPE_1200/vbk-appavu-A%20Shaikmohideen.jpg
Neeleswaram temple tragedy claims second life: 32-year-old man succumbs to burn injuries,"Following the incident, police registered a case against eight individuals, including the temple committee president and secretary, under sections of the Explosive Substances Act and BNS",https://www.thehindu.com/news/national/kerala/neeleswaram-temple-tragedy-claims-second-life-32-year-old-man-succumbs-to-burn-injuries/article68825003.ece,"Sun, 03 Nov 2024 14:35:54 +0530",Kerala,https://th-i.thgim.com/public/incoming/mx0emo/article68825267.ece/alternates/LANDSCAPE_1200/11435_1_11_2024_16_10_1_5_IMG_20241030_093805.JPG
Fire broke out in Telangana’s Neredmet garbage transfer station on Deepavali day,The sources said that the cause of the fire was a random firecracker that fell on the trash pile at the Neredmet garbage transfer station,https://www.thehindu.com/news/national/telangana/fire-broke-out-in-telanganas-neredmet-garbage-transfer-station-on-deepavali-day/article68823303.ece,"Sun, 03 Nov 2024 14:08:42 +0530",Telangana,
Arvind Kejriwal to resume ‘padyatra’ from West Delhi’s Rajouri Garden ahead of Assembly election,AAP leaders are undertaking foot marches in Delhi's different Assembly segments in the run-up to the February 2025 Assembly polls,https://www.thehindu.com/news/cities/Delhi/arvind-kejriwal-padyatra-west-delhi-rajouri-garden/article68825226.ece,"Sun, 03 Nov 2024 14:08:29 +0530",Delhi,https://th-i.thgim.com/public/incoming/nvlprf/article68825242.ece/alternates/LANDSCAPE_1200/PTI11_02_2024_000198A.jpg
Two watchmen of private school electrocuted in Telangana’s Manuguru,"The police investigates the death of two watchmen in Manuguru, who were electrocuted while cleaning school compound wall",https://www.thehindu.com/news/national/telangana/two-watchmen-of-private-school-electrocuted-in-telanganas-manuguru/article68825149.ece,"Sun, 03 Nov 2024 13:58:58 +0530",Telangana,
No forward movement on four names reiterated by Collegium headed by Justice Chandrachud,"Justice Sanjiv Khanna will take over as the next CJI on November 11, a day after Justice Chandrachud demits office",https://www.thehindu.com/news/national/no-forward-movement-on-four-names-reiterated-by-collegium-headed-by-justice-chandrachud/article68825218.ece,"Sun, 03 Nov 2024 13:52:51 +0530",India,https://th-i.thgim.com/public/incoming/3n82pn/article68825227.ece/alternates/LANDSCAPE_1200/PTI10_26_2024_000341B.jpg
State-award winning Kannada filmmaker Guruprasad ends life,Kannada filmmaker Guruprasad is known for award-winning films such as ‘Mata’ and ‘Eddelu Manjunatha’,https://www.thehindu.com/entertainment/movies/state-award-winning-kannada-filmmaker-guruprasad-dies-by-suicide/article68825144.ece,"Sun, 03 Nov 2024 13:35:58 +0530",Movies,https://th-i.thgim.com/public/entertainment/movies/3jsh5j/article67916573.ece/alternates/LANDSCAPE_1200/Director%20Guruprasad.jpeg
"Shah Rukh Khan celebrates 59th birthday with family, fans","As is customary, many fans gathered outside Shah Rukh’s iconic sea-facing bungalow, Mannat, in Bandra",https://www.thehindu.com/entertainment/movies/shah-rukh-khan-celebrates-59th-birthday-with-family-fans/article68825150.ece,"Sun, 03 Nov 2024 13:35:31 +0530",Movies,https://th-i.thgim.com/public/incoming/8glyew/article68825209.ece/alternates/LANDSCAPE_1200/PTI11_02_2024_000276A.jpg
Career in Corporate Communications,"For those with a penchant for creating brand-led stories, Corporate Communications has become a key driver of business success.",https://www.thehindu.com/education/career-in-corporate-communications/article68809172.ece,"Sun, 03 Nov 2024 13:30:00 +0530",Education,https://th-i.thgim.com/public/incoming/ha16p0/article68809838.ece/alternates/LANDSCAPE_1200/Corp%20Comm.jpg
"Government infuses ₹1,650 crore in Rashtriya Ispat Nigam Limited","“SBICAPS, a wholly-owned subsidiary of the State Bank of India, is preparing a report on the sustainability of RINL,” a press note said",https://www.thehindu.com/business/Industry/government-infuses-1650-crore-in-rashtriya-ispat-nigam-limited/article68825162.ece,"Sun, 03 Nov 2024 13:27:44 +0530",Industry,https://th-i.thgim.com/public/news/national/andhra-pradesh/taaqy6/article25784276.ece/alternates/LANDSCAPE_1200/20VJPG4-STEEL
Himalayan glacial lakes saw 10.81% area expansion from 2011 to 2024: Report,"The Central Water Commission's (CWC) report, states that with a 33.7% expansion of the surface area, the lakes in India experienced an even more substantial rise",https://www.thehindu.com/sci-tech/energy-and-environment/himalayan-glacial-lakes-saw-1081-area-expansion-from-2011-to-2024-report/article68825163.ece,"Sun, 03 Nov 2024 13:25:39 +0530",Environment,https://th-i.thgim.com/public/incoming/qgk7p4/article68825194.ece/alternates/LANDSCAPE_1200/IMG_India_Sikkim_Floods_2_1_FRBRQ2R9.jpg
U.S. says Iranian-American journalist held in Iran as tensions grow after Israeli attack on country,"Iran detains Reza Valizadeh, who once worked for a U.S. government-funded broadcaster and also Tehran threatens retaliation",https://www.thehindu.com/news/international/us-says-iranian-american-journalist-held-in-iran-as-tensions-grow-after-israeli-attack-on-country/article68825161.ece,"Sun, 03 Nov 2024 13:23:24 +0530",World,https://th-i.thgim.com/public/incoming/wpjt0w/article68825190.ece/alternates/LANDSCAPE_1200/2024-11-01T135250Z_1122004864_RC2CWAANLUJB_RTRMADP_3_USA-ELECTION-IRAN.JPG
BJP must explain delay in releasing funds for Jharkhand: Congress,Congress general secretary Jairam Ramesh claimed the Centre owes Jharkhand lakhs of crores of rupees in coal royalties and central scheme benefits,https://www.thehindu.com/elections/jharkhand-assembly/bjp-must-explain-delay-in-releasing-funds-for-jhakhand-congress/article68825145.ece,"Sun, 03 Nov 2024 13:21:00 +0530",Jharkhand Assembly,https://th-i.thgim.com/public/incoming/2qyihl/article68825187.ece/alternates/LANDSCAPE_1200/PTI07_25_2024_000273A.jpg
‘Time Cut’ movie review: An enjoyable ride through an implausible wormhole,This teen time-travel slasher film is delightfully predictable,https://www.thehindu.com/entertainment/movies/time-cut-movie-review-an-enjoyable-ride-through-an-implausible-wormhole/article68822678.ece,"Sun, 03 Nov 2024 13:20:08 +0530",Movies,https://th-i.thgim.com/public/entertainment/movies/vwpzwu/article68825175.ece/alternates/LANDSCAPE_1200/GWFBbAoWQAAhmzd.jpeg
T. Bapi Reddy takes charge as the new Executive Officer of Srikalahasti temple,The Shaivite temple is famously known as ‘Dakshina Kashi’ (Varanasi of the South) and is thronged by tens of thousands of devotees from across the country,https://www.thehindu.com/news/national/andhra-pradesh/t-bapi-reddy-takes-charge-as-the-new-executive-officer-of-srikalahasti-temple/article68825053.ece,"Sun, 03 Nov 2024 13:19:25 +0530",Andhra Pradesh,https://th-i.thgim.com/public/incoming/nel8q4/article68825216.ece/alternates/LANDSCAPE_1200/10745_3_11_2024_13_30_54_2_IMG_20241103_WA0030.JPG
Political differences crop up between TDP-JSP leaders in Nellimarla constituency in Vizianagaram district,"Karrotu Bangarraju and his followers are up in arms against MLA Lokam Madhavi, who allegedly ignored TDP leaders and cadres and gave priority to YSRCP leaders in the constituency",https://www.thehindu.com/news/national/andhra-pradesh/political-differences-crop-up-between-tdp-jsp-leaders-in-nellimarla-constituency-in-vizianagaram-district/article68825043.ece,"Sun, 03 Nov 2024 13:04:42 +0530",Andhra Pradesh,https://th-i.thgim.com/public/news/national/jw0pfn/article68825223.ece/alternates/LANDSCAPE_1200/WhatsApp%20Image%202024-11-03%20at%2013.36.59.jpeg
"Digital arrests: ED files charge sheet, I4C issues fresh advisory","Scammers establish credibility through fake ads and fabricated success stories, ultimately leading victims to invest significant amounts",https://www.thehindu.com/news/national/digital-arrests-ed-files-charge-sheet-i4c-issues-fresh-advisory/article68825130.ece,"Sun, 03 Nov 2024 13:03:56 +0530",India,https://th-i.thgim.com/public/news/national/fivupz/article68815727.ece/alternates/LANDSCAPE_1200/EnforcementDirectorate.jpg
Arunachal school students embark on National Integration tour,"The Army organises National Integration tour for students to explore iconic sites, fostering unity and national pride",https://www.thehindu.com/news/national/arunachal-pradesh/arunachal-school-students-embark-on-national-integration-tour/article68825126.ece,"Sun, 03 Nov 2024 12:57:06 +0530",Arunachal Pradesh,https://th-i.thgim.com/public/news/international/l5qcnb/article68825143.ece/alternates/LANDSCAPE_1200/Arunachal%20students%20on%20national%20tour.jpg
Lower sales realisation hit margins of cement makers in Q2,Industry observers said the increase in sales volume of UltraTech and Ambuja Cements is mainly due to the several acquisitions by both companies that consolidated their position further in the industry,https://www.thehindu.com/business/Industry/lower-sales-realisation-hit-margins-of-cement-makers-in-q2/article68825125.ece,"Sun, 03 Nov 2024 12:49:41 +0530",Industry,https://th-i.thgim.com/public/incoming/yp2lft/article68825138.ece/alternates/LANDSCAPE_1200/2024-10-22T042408Z_1349692351_RC2ELV9FBXBW_RTRMADP_3_ORIENT-CEMENT-M-A-AMBUJA-CEMENTS.JPG
Shelling kills 12 in Sudan's Darfur: activists,,https://www.thehindu.com/news/international/shelling-kills-12-in-sudans-darfur-activists/article68823808.ece,"Sun, 03 Nov 2024 12:43:28 +0530",World,
Taiwan reports rise in Chinese military activity as U.S. election nears,"35 aircraft flew to Taiwan's southwest, south and southeast into the Western Pacific to carry out long-range training, the Ministry said, adding it had sent its own forces to keep watch",https://www.thehindu.com/news/international/taiwan-reports-rise-in-chinese-military-activity-as-us-election-nears/article68825112.ece,"Sun, 03 Nov 2024 12:41:22 +0530",World,https://th-i.thgim.com/public/incoming/2xfk6n/article68825132.ece/alternates/LANDSCAPE_1200/2024-11-03T063139Z_488974637_RC2LWT9H19MG_RTRMADP_3_TAIWAN-CHINA.JPG
Wayanad Lok Sabha bypoll: Priyanka Gandhi Vadra launches second phase campaign amidst criticism,"Priyanka Gandhi began her campaign on November 3, accompanied by her brother Rahul Gandhi, Leader of the Opposition and Member of Parliament",https://www.thehindu.com/news/national/kerala/wayanad-lok-sabha-bypoll-priyanka-gandhi-vadra-launches-second-phase-campaign-amidst-criticism/article68825033.ece,"Sun, 03 Nov 2024 12:32:17 +0530",Kerala,https://th-i.thgim.com/public/incoming/l3vnni/article68825292.ece/alternates/LANDSCAPE_1200/1.jpeg
"FPIs withdraw record ₹94,000 crore from Indian equities in October on attractive Chinese valuations","Foreign portfolio investors withdrew ₹94,000 crore from Indian stock market in October due to high valuations, shifting focus to Chinese stocks",https://www.thehindu.com/business/Economy/fpis-withdraw-record-94000-crore-from-indian-equities-in-october-on-attractive-chinese-valuations/article68825069.ece,"Sun, 03 Nov 2024 12:25:45 +0530",Economy,https://th-i.thgim.com/public/business/markets/ntmtby/article53336505.ece/alternates/LANDSCAPE_1200/thvli-INR-indian-RUPEE
Four injured in explosion in Howrah Mail coach in Punjab,The explosion took place in a plastic bucket containing firecrackers around 10.30 p.m. on Saturday night when the train was headed to Howrah from Amritsar,https://www.thehindu.com/news/national/four-injured-in-explosion-in-howrah-mail-coach-in-punjab/article68825080.ece,"Sun, 03 Nov 2024 12:19:31 +0530",India,
Tom Cruise in talks to star in 'Days of Thunder' sequel,"While the original was not a box office success upon its release, and critics gave it mixed to unfavorable reviews, Cruise believes he can repeat the formula that revived ‘Top Gun’ in 2022 with ‘Top Gun: Maverick’",https://www.thehindu.com/entertainment/movies/tom-cruise-in-talks-to-star-in-days-of-thunder-sequel/article68824976.ece,"Sun, 03 Nov 2024 12:17:18 +0530",Movies,https://th-i.thgim.com/public/incoming/30ybh7/article68825100.ece/alternates/LANDSCAPE_1200/APTOPIX_South_Korea_Mission_Impossible_Rogue_Nation.JPEG-0732c.jpg
Margot Robbie welcomes first child with Tom Ackerley,"Details about the baby, including his name and birthdate, are yet to be revealed",https://www.thehindu.com/entertainment/margot-robbie-welcomes-first-child-with-tom-ackerley/article68825071.ece,"Sun, 03 Nov 2024 12:12:51 +0530",Entertainment,https://th-i.thgim.com/public/incoming/6mfew7/article68825094.ece/alternates/LANDSCAPE_1200/2017-11-12T032502Z_628852052_HP1EDBC09HP5S_RTRMADP_3_AWARDS-GOVERNORS.JPG
Tom Holland and Austin Butler to lead racing scandal film ‘American Speed’,"The film will delve into the dramatic true story of the Whittington brothers, famous race car drivers entangled in one of motorsport’s most notorious scandals",https://www.thehindu.com/entertainment/movies/tom-holland-and-austin-butler-to-lead-racing-scandal-film-american-speed/article68825096.ece,"Sun, 03 Nov 2024 12:10:39 +0530",Movies,https://th-i.thgim.com/public/entertainment/movies/ga02rl/article68825090.ece/alternates/LANDSCAPE_1200/Copy%20of%20G2%20Cover.jpg
Union Minister Suresh Gopi booked for 'misusing' ambulance on Thrissur Pooram day,"According to the FIR, Suresh Gopi, who was the then BJP candidate in Thrissur Lok Sabha constituency, and the other accused acted as part of the election campaign strategy and travelled in an ambulance owned by Seva Bharati",https://www.thehindu.com/news/national/kerala/union-minister-suresh-gopi-booked-for-misusing-ambulance-on-thrissur-pooram-day/article68825070.ece,"Sun, 03 Nov 2024 12:08:15 +0530",Kerala,https://th-i.thgim.com/public/incoming/ytjm1h/article68825087.ece/alternates/LANDSCAPE_1200/IMG_gop_2_1_UHD7CSK4.jpg
"‘Adhirshtasaali’: First look of Madhavan’s next, directed by Mithran R Jawahar, out","Billed as a fantasy drama, the film features Madonna Sebastian, Radhika Sarathkumar, Sai Dhansika, and Jagan among others",https://www.thehindu.com/entertainment/movies/adhirshtasaali-first-look-of-madhavans-next-directed-by-mithran-r-jawahar-out/article68825051.ece,"Sun, 03 Nov 2024 11:53:19 +0530",Movies,https://th-i.thgim.com/public/entertainment/movies/yz9vay/article68825063.ece/alternates/LANDSCAPE_1200/IMG_4068.JPG
"Fire breaks out in Kyiv after Russian air attack, Ukraine's military says",,https://www.thehindu.com/news/international/fire-breaks-out-in-kyiv-after-russian-air-attack-ukraines-military-says/article68825044.ece,"Sun, 03 Nov 2024 11:50:50 +0530",World,https://th-i.thgim.com/public/incoming/mvqf9r/article68825056.ece/alternates/LANDSCAPE_1200/2024-11-03T055504Z_1007031004_RC2FXAA8K7VE_RTRMADP_3_UKRAINE-CRISIS-ATTACK-KYIV.JPG
"Lupita Nyong'o, Jared Leto to lead 'Lunik Heist'",The film will follow the American government’s plot to steal a Soviet spacecraft during a 1959 expedition in Mexico City,https://www.thehindu.com/entertainment/movies/lupita-nyongo-jared-leto-to-lead-lunik-heist/article68824972.ece,"Sun, 03 Nov 2024 11:50:01 +0530",Movies,https://th-i.thgim.com/public/incoming/osw1w0/article68825060.ece/alternates/LANDSCAPE_1200/Germany_Berlin_Film_Festival_Jury_Photo_Call_23406.jpg
"Tests to assess uranium availability: villagers of Kappatralla, Devanakonda raise voice against Centre’s permission",The villagers fear losing their lands and livelihood and also adverse affects of uranium mining on their lives,https://www.thehindu.com/news/national/andhra-pradesh/tests-to-assess-uranium-availability-villagers-of-kappatralla-devanakonda-raise-voice-against-centres-permission/article68824921.ece,"Sun, 03 Nov 2024 11:49:11 +0530",Andhra Pradesh,
Fadnavis rubbishes Sharad Pawar's remark about financial aid to ruling party candidates,"In Pune to meet key party workers ahead of Maharashtra election, BJP leader says these kind of things happened when the Opposition parties were in power",https://www.thehindu.com/elections/maharashtra-assembly/fadnavis-rubbishes-sharad-pawars-remark-about-financial-aid-to-ruling-party-candidates/article68823022.ece,"Sun, 03 Nov 2024 11:41:39 +0530",Maharashtra Assembly,https://th-i.thgim.com/public/incoming/gg7541/article68823081.ece/alternates/LANDSCAPE_1200/20241029229L.jpg
Sat Sharma appointed as Jammu and Kashmir BJP president,Sat Sharma replaced Ravinder Raina to become the president of the party in Jammu and Kashmir,https://www.thehindu.com/news/national/jammu-and-kashmir/sat-sharma-appointed-j-k-bjp-president/article68825007.ece,"Sun, 03 Nov 2024 11:33:12 +0530",Jammu and Kashmir,https://th-i.thgim.com/public/incoming/o7c6y7/article68825036.ece/alternates/LANDSCAPE_1200/6751_9-5-2018_15-36-26_1_08-MEETING-SGR-09-05-2018.JPG
"7-kg of ration per month instead of 5-kg, if JMM-led alliance voted to power: Hemant Soren",Hemant Soren said the Jharkhand Mukti Morcha-led alliance would also increase the pension amount,https://www.thehindu.com/elections/jharkhand-assembly/7-kg-of-ration-per-month-instead-of-5-kg-if-jmm-led-alliance-voted-to-power-hemant-soren/article68825014.ece,"Sun, 03 Nov 2024 11:31:42 +0530",Jharkhand Assembly,https://th-i.thgim.com/public/incoming/7n54kr/article68825032.ece/alternates/LANDSCAPE_1200/PTI11_02_2024_000205B.jpg
Pakistan reports 2 new polio cases; yearly tally rises to 45,"Pakistan reports 45 polio cases this year, with new cases in Khyber Pakhtunkhwa, highlighting ongoing eradication challenges",https://www.thehindu.com/news/international/pakistan-reports-2-new-polio-cases-yearly-tally-rises-to-45/article68825020.ece,"Sun, 03 Nov 2024 11:29:50 +0530",World,https://th-i.thgim.com/public/news/international/b4o3ln/article68825030.ece/alternates/LANDSCAPE_1200/Pakistan%20polio.jpg
"U.S. flies long-range bomber in drill with South Korea, Japan in reaction to the North’s missile test",South Korea says the U.S. has flown a long-range bomber in a trilateral drill with South Korea and Japan in response to North Korea’s recent test-firing of a new intercontinental ballistic missile designed to strike the U.S. mainland,https://www.thehindu.com/news/international/us-flies-long-range-bomber-in-drill-with-south-korea-japan-in-reaction-to-the-norths-missile-test/article68824980.ece,"Sun, 03 Nov 2024 11:25:40 +0530",World,https://th-i.thgim.com/public/incoming/alousb/article68825028.ece/alternates/LANDSCAPE_1200/IMG_U.S._and_South_Korea_2_1_9BAUP2NU.jpg
"Kamala Harris makes surprise appearance on ‘Saturday Night Live’ alongside longtime impersonator, Maya Rudolph",Harris’s unexpected appearance also comes after ‘SNL’ producer Lorne Michaels had suggested that real candidates might not appear this season due to election rules,https://www.thehindu.com/entertainment/movies/kamala-harris-makes-surprise-appearance-on-saturday-night-live-alongside-longtime-impersonator-maya-rudolph/article68825029.ece,"Sun, 03 Nov 2024 11:24:07 +0530",Movies,https://th-i.thgim.com/public/entertainment/movies/kkrgw/article68824991.ece/alternates/LANDSCAPE_1200/GbbtUcXbAAAlJ8W.jpeg
Russia claims capture of new east Ukraine villages: defence ministry,"The Russian Defence Ministry said its forces in the Donetsk region had “liberated” the large village of Kurakhivka close to the industrial town of Kurakhove, which Russia is also aiming to capture",https://www.thehindu.com/news/international/russia-claims-capture-of-new-east-ukraine-villages-defence-ministry/article68825002.ece,"Sun, 03 Nov 2024 11:16:40 +0530",World,https://th-i.thgim.com/public/incoming/taul5e/article68825009.ece/alternates/LANDSCAPE_1200/Russia_Ukraine_76521.jpg
"Maharashtra Assembly elections 2024: ‘Nawab Malik’s candidature won’t impact Mahayuti’s prospects,’ says Praful Patel","Talking to reporters in Gondia, Praful Patel said the allegations against Mr. Malik have not been proved in the court of law",https://www.thehindu.com/elections/maharashtra-assembly/maharashtra-assembly-elections-2024-nawab-maliks-candidature-wont-impact-mahayutis-prospects-says-praful-patel/article68824969.ece,"Sun, 03 Nov 2024 11:16:29 +0530",Maharashtra Assembly,https://th-i.thgim.com/public/incoming/uhlw6j/article67040163.ece/alternates/LANDSCAPE_1200/20230703209L.jpg
Death threat asking Yogi Adityanath to resign: Mumbai police arrest woman,The police are on alert as Mr. Adityanath is likely to come to Maharashtra for the State Assembly election campaign,https://www.thehindu.com/news/national/mumbai-police-get-message-threatening-to-harm-up-cm-adityanath/article68825001.ece,"Sun, 03 Nov 2024 11:15:10 +0530",India,https://th-i.thgim.com/public/incoming/utf810/article68825012.ece/alternates/LANDSCAPE_1200/20240714126L.jpg
Online Coaching for UGC NET in English—A Life-Changing Approach,The 25-year-long success story of Dr. Kalyani Vallath and Vallath Education,https://www.thehindu.com/brandhub/online-coaching-for-ugc-net-in-englisha-life-changing-approach/article68824993.ece,"Sun, 03 Nov 2024 11:11:34 +0530",Brandhub,https://th-i.thgim.com/public/incoming/clgqlh/article68824994.ece/alternates/LANDSCAPE_1200/Office.jpg
29 Nigerian children may be sentenced to death for protesting against cost-of-living crisis,Twenty-nine minors in Nigeria could be facing the death penalty,https://www.thehindu.com/news/international/29-nigerian-children-may-be-sentenced-to-death-for-protesting-against-cost-of-living-crisis/article68823814.ece,"Sun, 03 Nov 2024 11:06:19 +0530",World,https://th-i.thgim.com/public/incoming/8fpc2z/article68824987.ece/alternates/LANDSCAPE_1200/2024-11-01T183610Z_336848773_RC2M99AFTK6Z_RTRMADP_3_NIGERIA-PROTESTS-COURT.JPG
"FMCG firms worry over high inflation, squeezing urban market; hint price hike","Rising prices of commodity inputs such as palm oil, coffee and cocoa were also accentuated and some FMCG firms have hinted at a price hike",https://www.thehindu.com/business/Economy/fmcg-firms-worry-over-high-inflation-squeezing-urban-market-hint-price-hike/article68824979.ece,"Sun, 03 Nov 2024 11:00:42 +0530",Economy,https://th-i.thgim.com/public/incoming/9l17au/article68824984.ece/alternates/LANDSCAPE_1200/IMG_Some-FMCG-firms_G6IB_2_1_3VBJ5477.jpg
Over 190 arrested over complaints related to Sri Lanka parliamentary polls,"The police arrested 191 people, including 6 candidates, for election-related complaints ahead of 2024 parliamentary polls on November 14",https://www.thehindu.com/news/international/over-190-arrested-over-complaints-related-to-sri-lanka-parliamentary-polls/article68824946.ece,"Sun, 03 Nov 2024 10:45:42 +0530",World,https://th-i.thgim.com/public/incoming/uka9xw/article68824966.ece/alternates/LANDSCAPE_1200/2024-10-20T171308Z_2063903602_RC2HOAAH745A_RTRMADP_3_SRI-LANKA-ELECTION.JPG
